Country,Count
US,29947
BR,6562
JP,3311
CA,2958
AU,2468
MX,2199
RU,1528
KR,1400
GB,1370
DE,1018
FR,992
AR,941
IT,849
CO,729
PH,687
CN,680
ZA,646
PG,607
IN,606
VE,601
ID,572
ES,506
CL,505
KE,375
PL,335
TR,310
CD,301
CZ,298
NZ,281
IR,276
NO,252
SE,251
AE,248
UA,247
PT,223
TZ,210
BO,202
PE,197
PK,183
UZ,180
KZ,175
BE,174
SA,160
HN,159
ZW,155
BG,154
AT,150
CU,149
EC,144
DK,135
MY,134
CR,134
BW,134
GR,132
HU,131
NL,124
ZM,123
EG,122
FI,120
AO,118
SK,116
IE,113
TH,110
PY,102
HK,101
RO,101
MZ,100
DZ,99
KP,94
TW,93
VN,91
MG,91
CY,90
CH,90
GL,89
IS,88
PA,88
IQ,87
SS,83
MM,80
LV,80
AF,78
BS,77
LY,70
GT,69
LT,69
PR,68
BY,65
NP,65
NG,64
ET,64
UY,62
HR,61
OM,59
PF,57
CG,56
KG,56
BD,55
SR,55
GY,52
SD,51
IL,50
BF,50
TM,50
CF,48
RS,47
MA,45
NI,43
SI,43
TD,42
DO,42
EE,42
UG,41
SO,41
CM,40
GA,39
AZ,39
SY,39
FK,39
AQ,39
SB,38
LK,38
YE,38
VU,36
MH,36
FJ,36
ML,36
BZ,36
MN,33
GE,33
LS,33
MR,33
CI,31
MW,30
SV,29
EH,28
MV,28
NC,27
NE,27
JM,27
KW,26
TN,25
KI,23
LA,22
JO,22
SC,22
GF,22
QA,21
HT,21
SN,20
LR,20
TJ,19
BA,19
AL,18
GH,18
DJ,17
GN,17
KH,17
FO,16
AM,16
SZ,16
MK,16
BN,16
MD,13
TL,13
SL,12
MP,12
BT,12
LB,11
SG,11
BH,11
GP,10
BJ,10
XK,10
CV,10
CK,10
ER,10
KY,10
VI,9
RW,9
LU,9
RE,9
UM,9
TC,9
MT,8
ME,7
GQ,7
FM,7
GW,7
PS,7
GU,7
TF,7
BI,7
IM,7
TG,7
VC,6
TO,6
AG,6
WS,5
VG,5
MO,5
AS,4
SH,4
MQ,4
BM,4
MU,4
KM,4
ST,4
BQ,4
PW,3
AW,3
KN,3
GG,3
MC,3
TT,3
TV,3
AD,3
GD,3
MS,2
HM,2
DM,2
BB,2
AI,2
LC,2
MF,2
LI,2
PM,2
WF,2
SM,2
JE,1
CX,1
CC,1
VA,1
GI,1
NU,1
SX,1
IO,1
CW,1
NR,1
GS,1
BL,1
GM,1
YT,1
NF,1
